INSERT  INTO `ETEC_MODULE`(`module_id`,`created_by`,`created_time`,`description`,`is_public`,`is_system_module`,`module_order`,`name`,`updated_by`,`updated_time`) VALUES ('8a10d4594430be1a014430deb51b000e','admin','2014-04-23 13:39:21','OA Module',1,1,0,'OA Module','null','2014-04-23 13:39:21');

INSERT  INTO `ETEC_RE_TABLE`(`id`,`chinese_name`,`created_by`,`created_time`,`description`,`is_autoformcreate`,`table_name`,`sql_source`) VALUES ('8a10d459410ca9f401410d80592a0008','','admin','2014-04-23 13:39:21','',0,'NEWS','CREATE TABLE `NEWS`(`CREATEDTIME` DATETIME,`INSIDEAPP` VARCHAR (100)  DEFAULT NULL ,`MODIFIEDBY` VARCHAR (100)  DEFAULT NULL ,`MODIFIEDTIME` DATETIME,`CLASSIFICATION` VARCHAR (100)  DEFAULT NULL ,`TITLE` VARCHAR (100)  DEFAULT NULL ,`ALLOW` VARCHAR (100)  DEFAULT NULL ,`CREATEDBY` VARCHAR (100)  DEFAULT NULL ,`PROC_INST_ID` VARCHAR (100) NOT NULL, `SENDSMS` VARCHAR (100)  DEFAULT NULL ,`IS_DELETE` TINYINT (1)  DEFAULT \'0\' ,`CKE` LONGTEXT,`EXECUTION_ID` VARCHAR (100) NOT NULL, `TASK_ID` VARCHAR (100)  DEFAULT NULL ,`ID` VARCHAR (100) NOT NULL,  PRIMARY KEY (ID))'),('8a10d45941a29a6e0141a64f2a7300b4','Notice','admin','2014-04-23 13:39:21','Notice',0,'NOTICE','CREATE TABLE `NOTICE`(`GROUP` VARCHAR (220)  DEFAULT NULL ,`STATUS` VARCHAR (220)  DEFAULT NULL ,`FILEUPLOAD` VARCHAR (220)  DEFAULT NULL ,`CREATEDBY` VARCHAR (100)  DEFAULT NULL ,`PUBLISHTORANGE` VARCHAR (220)  DEFAULT NULL ,`TITLE` VARCHAR (220)  DEFAULT NULL ,`DEPARTMENT` VARCHAR (220)  DEFAULT NULL ,`MODIFIEDBY` VARCHAR (100)  DEFAULT NULL ,`EXECUTION_ID` VARCHAR (100) NOT NULL, `PROC_INST_ID` VARCHAR (100) NOT NULL, `ENDDATE` DATETIME,`TASK_ID` VARCHAR (100)  DEFAULT NULL ,`ROLE` VARCHAR (220)  DEFAULT NULL ,`STARTDATE` DATETIME,`IS_DELETE` TINYINT (1)  DEFAULT \'0\' ,`CREATEDTIME` DATETIME,`ISNOTICE` VARCHAR (220)  DEFAULT NULL ,`USER` VARCHAR (220)  DEFAULT NULL ,`ID` VARCHAR (100) NOT NULL, `MODIFIEDTIME` DATETIME,`MAINCONTENT` LONGTEXT,`CLASSIFICATION` VARCHAR (220)  DEFAULT NULL , PRIMARY KEY (ID))');

INSERT  INTO `ETEC_RE_TABLE_COLUMNS`(`id`,`auto_generation_id`,`chinese_name`,`default_value`,`id_number`,`is_unique_key`,`length`,`name`,`type`,`table_id`) VALUES ('8a10d459410ca9f401410d805a1f0009','','CREATEDTIME','NULL',0,0,'0','CREATEDTIME','DATETIME','8a10d459410ca9f401410d80592a0008'),('8a10d459410ca9f401410d805a20000a','','fgf','NULL',0,0,'100','INSIDEAPP','VARCHAR','8a10d459410ca9f401410d80592a0008'),('8a10d459410ca9f401410d805a20000b','','MODIFIEDBY','NULL',0,0,'100','MODIFIEDBY','VARCHAR','8a10d459410ca9f401410d80592a0008'),('8a10d459410ca9f401410d805a20000c','','MODIFIEDTIME','NULL',0,0,'0','MODIFIEDTIME','DATETIME','8a10d459410ca9f401410d80592a0008'),('8a10d459410ca9f401410d805a20000d','','dgf','NULL',0,0,'100','CLASSIFICATION','VARCHAR','8a10d459410ca9f401410d80592a0008'),('8a10d459410ca9f401410d805a20000e','','ghfgh','NULL',0,0,'100','TITLE','VARCHAR','8a10d459410ca9f401410d80592a0008'),('8a10d459410ca9f401410d805a21000f','','fsg','NULL',0,0,'100','ALLOW','VARCHAR','8a10d459410ca9f401410d80592a0008'),('8a10d459410ca9f401410d805a210010','','CREATEDBY','NULL',0,0,'100','CREATEDBY','VARCHAR','8a10d459410ca9f401410d80592a0008'),('8a10d459410ca9f401410d805a210011','','PROC_INST_ID','NOTNULL',0,0,'100','PROC_INST_ID','VARCHAR','8a10d459410ca9f401410d80592a0008'),('8a10d459410ca9f401410d805a210012','','fdf','NULL',0,0,'100','SENDSMS','VARCHAR','8a10d459410ca9f401410d80592a0008'),('8a10d459410ca9f401410d805a210013','','IS_DELETE','0',0,0,'1','IS_DELETE','TINYINT','8a10d459410ca9f401410d80592a0008'),('8a10d459410ca9f401410d805a210014','','dfdf','NULL',0,0,'0','CKE','LONGTEXT','8a10d459410ca9f401410d80592a0008'),('8a10d459410ca9f401410d805a220015','','EXECUTION_ID','NOTNULL',0,0,'100','EXECUTION_ID','VARCHAR','8a10d459410ca9f401410d80592a0008'),('8a10d459410ca9f401410d805a220016','','TASK_ID','NULL',0,0,'100','TASK_ID','VARCHAR','8a10d459410ca9f401410d80592a0008'),('8a10d459410ca9f401410d805a220017','','ID','NOTNULL',0,1,'100','ID','VARCHAR','8a10d459410ca9f401410d80592a0008'),('8a10d45941a29a6e0141a64f2aa500b5','','GROUP','NULL',0,0,'220','GROUP','VARCHAR','8a10d45941a29a6e0141a64f2a7300b4'),('8a10d45941a29a6e0141a64f2aa500b6','','STATUS','NULL',0,0,'220','STATUS','VARCHAR','8a10d45941a29a6e0141a64f2a7300b4'),('8a10d45941a29a6e0141a64f2aa600b7','','FILEUPLOAD','NULL',0,0,'220','FILEUPLOAD','VARCHAR','8a10d45941a29a6e0141a64f2a7300b4'),('8a10d45941a29a6e0141a64f2aa600b8','','CREATEDBY','NULL',0,0,'100','CREATEDBY','VARCHAR','8a10d45941a29a6e0141a64f2a7300b4'),('8a10d45941a29a6e0141a64f2aa600b9','','PUBLISHTORANGE','NULL',0,0,'220','PUBLISHTORANGE','VARCHAR','8a10d45941a29a6e0141a64f2a7300b4'),('8a10d45941a29a6e0141a64f2aa600ba','','TITLE','NULL',0,0,'220','TITLE','VARCHAR','8a10d45941a29a6e0141a64f2a7300b4'),('8a10d45941a29a6e0141a64f2aa600bb','','DEPARTMENT','NULL',0,0,'220','DEPARTMENT','VARCHAR','8a10d45941a29a6e0141a64f2a7300b4'),('8a10d45941a29a6e0141a64f2aa600bc','','MODIFIEDBY','NULL',0,0,'100','MODIFIEDBY','VARCHAR','8a10d45941a29a6e0141a64f2a7300b4'),('8a10d45941a29a6e0141a64f2aa600bd','','EXECUTION_ID','NOTNULL',0,0,'100','EXECUTION_ID','VARCHAR','8a10d45941a29a6e0141a64f2a7300b4'),('8a10d45941a29a6e0141a64f2aa700be','','PROC_INST_ID','NOTNULL',0,0,'100','PROC_INST_ID','VARCHAR','8a10d45941a29a6e0141a64f2a7300b4'),('8a10d45941a29a6e0141a64f2aa700bf','','ENDDATE','NULL',0,0,'0','ENDDATE','DATETIME','8a10d45941a29a6e0141a64f2a7300b4'),('8a10d45941a29a6e0141a64f2aa700c0','','TASK_ID','NULL',0,0,'100','TASK_ID','VARCHAR','8a10d45941a29a6e0141a64f2a7300b4'),('8a10d45941a29a6e0141a64f2aa700c1','','ROLE','NULL',0,0,'220','ROLE','VARCHAR','8a10d45941a29a6e0141a64f2a7300b4'),('8a10d45941a29a6e0141a64f2aa700c2','','STARTDATE','NULL',0,0,'0','STARTDATE','DATETIME','8a10d45941a29a6e0141a64f2a7300b4'),('8a10d45941a29a6e0141a64f2aa700c3','','IS_DELETE','0',0,0,'1','IS_DELETE','TINYINT','8a10d45941a29a6e0141a64f2a7300b4'),('8a10d45941a29a6e0141a64f2aa800c4','','CREATEDTIME','NULL',0,0,'0','CREATEDTIME','DATETIME','8a10d45941a29a6e0141a64f2a7300b4'),('8a10d45941a29a6e0141a64f2aa800c5','','ISNOTICE','NULL',0,0,'220','ISNOTICE','VARCHAR','8a10d45941a29a6e0141a64f2a7300b4'),('8a10d45941a29a6e0141a64f2aa800c6','','USER','NULL',0,0,'220','USER','VARCHAR','8a10d45941a29a6e0141a64f2a7300b4'),('8a10d45941a29a6e0141a64f2aa800c7','','ID','NOTNULL',0,1,'100','ID','VARCHAR','8a10d45941a29a6e0141a64f2a7300b4'),('8a10d45941a29a6e0141a64f2aa800c8','','MODIFIEDTIME','NULL',0,0,'0','MODIFIEDTIME','DATETIME','8a10d45941a29a6e0141a64f2a7300b4'),('8a10d45941a29a6e0141a64f2aa800c9','','MAINCONTENT','NULL',0,0,'0','MAINCONTENT','LONGTEXT','8a10d45941a29a6e0141a64f2a7300b4'),('8a10d45941a29a6e0141a64f2aa800ca','','CLASSIFICATION','NULL',0,0,'220','CLASSIFICATION','VARCHAR','8a10d45941a29a6e0141a64f2a7300b4');

INSERT  INTO `ETEC_MODULE_TABLES`(`table_id`,`module_id`) VALUES ('8a10d459410ca9f401410d80592a0008','8a10d4594430be1a014430deb51b000e'),('8a10d45941a29a6e0141a64f2a7300b4','8a10d4594430be1a014430deb51b000e');

INSERT  INTO `ETEC_RE_FORM`(`id`,`is_active`,`bg_img_path`,`created_by`,`created_time`,`description`,`english_name`,`form_name`,`html_source`,`html_source_view`,`is_default`,`is_delete`,`is_jsp_form`,`print_template`,`is_public`,`revision`,`table_name`,`is_template`,`version`,`xml_source`,`table_id`) VALUES ('8a10d459444964e201444a2dc4e50055','',NULL,'admin','2014-04-23 13:39:21',NULL,'1uk2w1392390842988','Notice','<p>&nbsp;&nbsp;&nbsp;&nbsp;&nbsp;&nbsp;&nbsp;&nbsp;&nbsp;&nbsp;&nbsp;&nbsp;&nbsp;&nbsp;&nbsp;&nbsp;&nbsp;&nbsp;&nbsp;&nbsp;&nbsp;&nbsp;&nbsp;&nbsp;&nbsp;&nbsp;&nbsp;&nbsp;&nbsp;</p> <form action=\"#\" id=\"Notice\" method=\"post\" name=\"Notice\" style=\"min-height:390px;width:1096.4285714285716px\" table=\"8a10d45941a29a6e0141a64f2a7300b4\"> <div style=\"min-height=390px;position:relative;overflow:auto\"> <table border=\"0\" cellpadding=\"0\" cellspacing=\"0\" height=\"739\" width=\"1042\"> <tbody> <tr> <td>&nbsp;&nbsp;&nbsp;&nbsp;&nbsp;&nbsp;&nbsp;&nbsp;&nbsp; Title</td> <td style=\"padding-top: 10px;\"><input class=\"mandatory\" column=\"8a10d45941a29a6e0141a64f2aa600ba\" id=\"2pytvi1388411129372_title\" name=\"title\" table=\"8a10d45941a29a6e0141a64f2a7300b4\" type=\"text\"></td> </tr> <tr> <td>&nbsp;&nbsp;&nbsp;&nbsp;&nbsp;&nbsp;&nbsp;&nbsp;&nbsp; Classification</td> <td style=\"padding-top: 10px;\"><select class=\"data_dictionary mandatory\" column=\"8a10d45941a29a6e0141a64f2aa800ca\" datadictionary=\"ff808181456e21bc01456e29edab0006\" datadictionarylabel=\"Notice\" id=\"2pytvi1388411129372_classification\" name=\"classification\" optiontype=\"dynamic\" size=\"1\" style=\"position: absolute; left: 144px; top: 46px;\" table=\"8a10d45941a29a6e0141a64f2a7300b4\"></select></td> </tr> <tr> <td>&nbsp;&nbsp;&nbsp;&nbsp;&nbsp;&nbsp;&nbsp;&nbsp;&nbsp; Start Date</td> <td><input class=\"datetimepicker mandatory\" column=\"8a10d45941a29a6e0141a64f2aa700c2\" id=\"2pytvi1388411129372_startDate\" name=\"startDate\" table=\"8a10d45941a29a6e0141a64f2a7300b4\" type=\"text\"></td> </tr> <tr> <td>&nbsp;&nbsp;&nbsp;&nbsp;&nbsp;&nbsp;&nbsp;&nbsp;&nbsp; End Date&nbsp;</td> <td><input class=\"datetimepicker mandatory\" column=\"8a10d45941a29a6e0141a64f2aa700bf\" id=\"2pytvi1388411129372_endDate\" name=\"endDate\" table=\"8a10d45941a29a6e0141a64f2a7300b4\" type=\"text\"></td> </tr> <tr> <td>&nbsp;&nbsp;&nbsp;&nbsp;&nbsp;&nbsp;&nbsp;&nbsp;&nbsp; Status&nbsp;</td> <td style=\"padding-top: 10px;padding-bottom: 10px;\"><input column=\"8a10d45941a29a6e0141a64f2aa500b6\" datadictionary=\"\" datadictionarylabel=\"\" id=\"2pytvi1388411129372_status\" isrequired=\"\" name=\"status\" optiontype=\"static\" table=\"8a10d45941a29a6e0141a64f2a7300b4\" value=\"formal\" type=\"radio\">Public <input checked=\"checked\" column=\"8a10d45941a29a6e0141a64f2aa500b6\" datadictionary=\"\" datadictionarylabel=\"\" id=\"2pytvi1388411129372_status\" isrequired=\"\" name=\"status\" optiontype=\"static\" table=\"8a10d45941a29a6e0141a64f2a7300b4\" value=\"draft\" type=\"radio\"> Draft</td> </tr> <tr> <td>&nbsp;&nbsp;&nbsp;&nbsp;&nbsp;&nbsp;&nbsp;&nbsp;&nbsp; User</td> <td style=\"padding-top: 10px;\"><input column=\"8a10d45941a29a6e0141a64f2aa800c6\" id=\"vabfru1381482575298_user\" name=\"user\" onclick=\"showUserSelection(\'User\', \'multi\' , this.id, this, \'\');\" selecttype=\"multi\" table=\"8a10d45941a29a6e0141a64f2a7300b4\" type=\"userlist\"></td> </tr> <tr> <td>&nbsp;&nbsp;&nbsp;&nbsp;&nbsp;&nbsp;&nbsp;&nbsp;&nbsp; Role</td> <td style=\"padding-top: 10px;\"><input column=\"8a10d45941a29a6e0141a64f2aa700c1\" id=\"vabfru1381482575298_role\" name=\"role\" onclick=\"showRoleSelection(\'Role\', \'multi\' , this.id, this, \'\');\" selecttype=\"multi\" table=\"8a10d45941a29a6e0141a64f2a7300b4\" type=\"rolelist\"></td> </tr> <tr> <td>&nbsp;&nbsp;&nbsp;&nbsp;&nbsp;&nbsp;&nbsp;&nbsp;&nbsp; Department&nbsp;</td> <td style=\"padding-top: 10px;\"><input column=\"8a10d45941a29a6e0141a64f2aa600bb\" id=\"vabfru1381482575298_department\" name=\"department\" onclick=\"showDepartmentSelection(\'Department\', \'multi\' , this.id, this, \'\');\" selecttype=\"multi\" table=\"8a10d45941a29a6e0141a64f2a7300b4\" type=\"departmentlist\"></td> </tr> <tr> <td>&nbsp;&nbsp;&nbsp;&nbsp;&nbsp;&nbsp;&nbsp;&nbsp;&nbsp; Group&nbsp;</td> <td style=\"padding-top: 10px;\"><input column=\"8a10d45941a29a6e0141a64f2aa500b5\" id=\"vabfru1381482575298_group\" name=\"group\" onclick=\"showGroupSelection(\'Group\', \'multi\' , this.id, this, \'\');\" selecttype=\"multi\" table=\"8a10d45941a29a6e0141a64f2a7300b4\" type=\"grouplist\"></td> </tr> <tr> <td>&nbsp;&nbsp;&nbsp;&nbsp;&nbsp;&nbsp;&nbsp;&nbsp;&nbsp; Is Notification &nbsp; &nbsp;&nbsp;&nbsp;</td> <td style=\"padding-top: 10px;\"><input column=\"8a10d45941a29a6e0141a64f2aa800c5\" datadictionary=\"\" datadictionarylabel=\"\" id=\"2pytvi1388411129372_isNotice\" isrequired=\"\" name=\"isNotice\" optiontype=\"static\" table=\"8a10d45941a29a6e0141a64f2a7300b4\" value=\"true\" type=\"checkbox\"></td> </tr> <tr> <td>&nbsp;&nbsp;&nbsp;&nbsp;&nbsp;&nbsp;&nbsp;&nbsp;&nbsp; Main Content</td> <td>&nbsp;</td> </tr> <tr> <td>&nbsp;</td> <td style=\"padding-top: 10px;\"><img class=\"richtextbox\" column=\"8a10d45941a29a6e0141a64f2aa800c9\" id=\"2pytvi1388411129372_mainContent\" name=\"mainContent\" src=\"/scripts/ckeditor/plugins/richtextbox/images/cke_richtextbox.png\" table=\"8a10d45941a29a6e0141a64f2a7300b4\" height=\"250\" width=\"755\"></td> </tr> <tr> <td>&nbsp;&nbsp;&nbsp;&nbsp;&nbsp;&nbsp;&nbsp;&nbsp; Attachments&nbsp;</td> <td style=\"padding-top: 10px;\"><input class=\"file-upload-control\" column=\"8a10d45941a29a6e0141a64f2aa600b7\" id=\"2pytvi1388411129372_upload\" multiple=\"multiple\" name=\"upload\" table=\"8a10d45941a29a6e0141a64f2a7300b4\" type=\"file\" style=\"top: 720px; left: 138px; position: absolute;\"></td> </tr> </tbody> </table>\r\n<p>&nbsp;</p> <p>&nbsp;</p><p>&nbsp;<p>&nbsp;&nbsp;&nbsp;&nbsp;&nbsp;&nbsp;&nbsp;&nbsp;&nbsp;</p> <script>setDefaultValue(\'Notice\');</script></div> </form> ',NULL,'true',0,0,'','\0',941,'NOTICE','\0',3,'<?xml version=\'1.0\' encoding=\'utf-8\'?><form initiator = \'Notice\' id=\'Notice\' name=\'Notice\' action=\'#\' label=\'Notice\' tableName=\'NOTICE\' tableId=\'8a10d45941a29a6e0141a64f2a7300b4\'  method=\'post\'><extensionElements><formProperty type= \'text\' id=\'Notice_title\' name=\'title\' isSubForm=\'false\'  table=\'8a10d45941a29a6e0141a64f2a7300b4\' column=\'8a10d45941a29a6e0141a64f2aa600ba\' optionType=\'null\'></formProperty><formProperty type= \'date\' id=\'Notice_startDate\' name=\'startDate\' isSubForm=\'false\'  fieldClass=\'datetimepicker\'  table=\'8a10d45941a29a6e0141a64f2a7300b4\' column=\'8a10d45941a29a6e0141a64f2aa700c2\' optionType=\'null\'></formProperty><formProperty type= \'date\' id=\'Notice_endDate\' name=\'endDate\' isSubForm=\'false\'  fieldClass=\'datepicker\'  table=\'8a10d45941a29a6e0141a64f2a7300b4\' column=\'8a10d45941a29a6e0141a64f2aa700bf\' optionType=\'null\'></formProperty><formProperty type= \'radio\' id=\'Notice_status_3\' name=\'status\' isSubForm=\'false\'  table=\'8a10d45941a29a6e0141a64f2a7300b4\' optionType=\'static\' dataDictionary=\'\'  value=\'formal\'  column=\'8a10d45941a29a6e0141a64f2aa500b6\'></formProperty><formProperty type= \'radio\' id=\'Notice_status_4\' name=\'status\' isSubForm=\'false\'  table=\'8a10d45941a29a6e0141a64f2a7300b4\' optionType=\'static\' dataDictionary=\'\'  value=\'draft\'  column=\'8a10d45941a29a6e0141a64f2aa500b6\'></formProperty><formProperty type= \'hidden\' id=\'Notice_user\' name=\'user\' isSubForm=\'false\'  fieldClass=\'displayNone user-list-hidden\'  table=\'null\' column=\'8a10d45941a29a6e0141a64f2aa800c6\' optionType=\'null\'></formProperty><formProperty type= \'userlist\' id=\'Notice_user_FullName\' name=\'user_FullName\' isSubForm=\'false\'  fieldClass=\'undefined\'  onclick= \"showUserSelection(\'User\', \'multi\' , \'lgdptj1392804846925_user\',document.getElementById(\'lgdptj1392804846925_user\'), \'\');\" table=\'8a10d45941a29a6e0141a64f2a7300b4\' column=\'8a10d45941a29a6e0141a64f2aa800c6\' optionType=\'null\'></formProperty><formProperty type= \'rolelist\' id=\'Notice_role\' name=\'role\' isSubForm=\'false\'  onclick= \"showRoleSelection(\'Role\', \'multi\' , this.id, this, \'\');\" table=\'8a10d45941a29a6e0141a64f2a7300b4\' column=\'8a10d45941a29a6e0141a64f2aa700c1\' optionType=\'null\'></formProperty><formProperty type= \'departmentlist\' id=\'Notice_depatment\' name=\'depatment\' isSubForm=\'false\'  onclick= \"showDepartmentSelection(\'Department\', \'multi\' , this.id, this, \'\');\" table=\'8a10d45941a29a6e0141a64f2a7300b4\' column=\'8a10d45941a29a6e0141a64f2aa600bb\' optionType=\'null\'></formProperty><formProperty type= \'grouplist\' id=\'Notice_group\' name=\'group\' isSubForm=\'false\'  onclick= \"showGroupSelection(\'Group\', \'multi\' , this.id, this, \'\');\" table=\'8a10d45941a29a6e0141a64f2a7300b4\' column=\'8a10d45941a29a6e0141a64f2aa500b5\' optionType=\'null\'></formProperty><formProperty type= \'checkbox\' id=\'Notice_isNotice_5\' name=\'isNotice\' isSubForm=\'false\'  table=\'8a10d45941a29a6e0141a64f2a7300b4\' optionType=\'static\' dataDictionary=\'\'  value=\'true\'  column=\'8a10d45941a29a6e0141a64f2aa800c5\'></formProperty><formProperty type= \'file\' id=\'Notice_fileUpload\' name=\'fileUpload\' isSubForm=\'false\'  fieldClass=\'file-upload-control\'  table=\'8a10d45941a29a6e0141a64f2a7300b4\' column=\'8a10d45941a29a6e0141a64f2aa600b7\' optionType=\'null\'></formProperty><formProperty type= \'select\' id=\'Notice_classification\' name=\'classification\' isSubForm=\'false\'  table=\'8a10d45941a29a6e0141a64f2a7300b4\' column=\'8a10d45941a29a6e0141a64f2aa800ca\' optionType=\'dynamic\' fieldClass=\'data_dictionary\'  dataDictionary=\'8a10d4594430be1a01443fa5f23201b0\'></formProperty><formProperty  type= \'img\' id=\'Notice_mainContent\' name=\'mainContent\'  class= \'richtextbox\' isSubForm=\'false\' table=\'8a10d45941a29a6e0141a64f2a7300b4\' column=\'8a10d45941a29a6e0141a64f2aa800c9\'></formProperty></extensionElements></form>','8a10d45941a29a6e0141a64f2a7300b4'),('8a10d459456b091601456eb7fb1c00fb','',NULL,'admin','2014-04-23 13:39:21',NULL,'f2sxed1392390748269','News','<form action=\"#\" id=\"News\" method=\"post\" name=\"News\" style=\"min-height:390px;width:1096.4285714285716px\" table=\"8a10d459410ca9f401410d80592a0008\"> <div id=\"form_div\"> <p>&nbsp;</p>  <p>&nbsp;&nbsp;&nbsp; <span style=\"font-size:16px;\">Title</span>&nbsp;&nbsp;&nbsp;&nbsp;</p>  <p>&nbsp;</p>  <p>&nbsp; &nbsp; <span style=\"font-size:16px;\">Clasification</span></p>  <p>&nbsp;</p>  <p>&nbsp; &nbsp;<span style=\"font-size:16px;\">&nbsp;<span style=\"color: rgb(51, 51, 51); font-family: \'Open Sans\',arial,sans-serif; font-style: normal; font-variant: normal; font-weight: normal; letter-spacing: normal; line-height: normal; text-align: start; text-indent: 0px; text-transform: none; white-space: normal; word-spacing: 0px; background-color: rgb(255, 255, 255); display: inline ! important; float: none;\">Allow comments</span></span></p>  <p>&nbsp;</p>  <p><span style=\"font-size:16px;\"><span style=\"color: rgb(51, 51, 51); font-family: \'Open Sans\',arial,sans-serif; font-style: normal; font-variant: normal; font-weight: normal; letter-spacing: normal; line-height: normal; text-align: start; text-indent: 0px; text-transform: none; white-space: normal; word-spacing: 0px; background-color: rgb(255, 255, 255); display: inline ! important; float: none;\">&nbsp;&nbsp; </span></span><span style=\"font-size:16px;\"><span style=\"color: rgb(51, 51, 51); font-family: \'Open Sans\',arial,sans-serif; font-style: normal; font-variant: normal; font-weight: normal; letter-spacing: normal; line-height: normal; text-align: start; text-indent: 0px; text-transform: none; white-space: normal; word-spacing: 0px; background-color: rgb(255, 255, 255); display: inline ! important; float: none;\">Reminder type &nbsp;&nbsp;</span> </span>&nbsp;&nbsp;&nbsp;&nbsp;&nbsp;&nbsp; &nbsp; &nbsp; &nbsp; &nbsp; &nbsp; &nbsp;&nbsp;<span style=\"font-size:14px;\"> <span style=\"color: rgb(51, 51, 51); font-family: \'Open Sans\',arial,sans-serif; font-style: normal; font-variant: normal; font-weight: normal; letter-spacing: normal; line-height: normal; text-align: start; text-indent: 0px; text-transform: none; white-space: normal; word-spacing: 0px; background-color: rgb(255, 255, 255); display: inline ! important; float: none;\">Inside Application</span></span>&nbsp;&nbsp;&nbsp;&nbsp;&nbsp;&nbsp;&nbsp;&nbsp;&nbsp;&nbsp;&nbsp; <span style=\"font-size:14px;\"><span style=\"color: rgb(51, 51, 51); font-family: \'Open Sans\',arial,sans-serif; font-style: normal; font-variant: normal; font-weight: normal; letter-spacing: normal; line-height: normal; text-align: start; text-indent: 0px; text-transform: none; white-space: normal; word-spacing: 0px; background-color: rgb(255, 255, 255); display: inline ! important; float: none;\">Send SMS</span></span></p>  <p>&nbsp;</p>  <p><span style=\"font-size:14px;\"><span style=\"color: rgb(51, 51, 51); font-family: \'Open Sans\',arial,sans-serif; font-style: normal; font-variant: normal; font-weight: normal; letter-spacing: normal; line-height: normal; text-align: start; text-indent: 0px; text-transform: none; white-space: normal; word-spacing: 0px; background-color: rgb(255, 255, 255); display: inline ! important; float: none;\">&nbsp;&nbsp; </span></span><span style=\"font-size:16px;\"><span style=\"color: rgb(51, 51, 51); font-family: \'Open Sans\',arial,sans-serif; font-style: normal; font-variant: normal; font-weight: normal; letter-spacing: normal; line-height: normal; text-align: start; text-indent: 0px; text-transform: none; white-space: normal; word-spacing: 0px; background-color: rgb(255, 255, 255); display: inline ! important; float: none;\">Main content:</span></span></p>  <p>&nbsp;</p>  <p>&nbsp;</p>  <p>&nbsp;</p>  <p>&nbsp;</p>  <p>&nbsp;</p>  <p>&nbsp;</p>  <p>&nbsp;</p>  <p>&nbsp;</p>  <p>&nbsp;</p>  <p>&nbsp;</p>  <p>&nbsp;</p>  <p>&nbsp;</p>  <p>&nbsp;</p>  <p>&nbsp;</p>  <p>&nbsp;</p>  <p>&nbsp;&nbsp;&nbsp; <span style=\"font-size:16px;\">Upload</span> <span style=\"font-size:16px;\">Files&nbsp;&nbsp; </span><input class=\"file-upload-control\" column=\"8a10d459456b091601456e99844f00e9\" id=\"c1lvy1397717903573_fileupload\" multiple=\"multiple\" name=\"fileupload\" style=\"top: 621px; left: 138px; position: absolute;\" table=\"8a10d459456b091601456e99842700e2\" type=\"file\"></p>  <p>&nbsp;</p>  <p>&nbsp;</p>  <p>&nbsp;</p>  <p><span style=\"font-size:16px;\"><span style=\"color: rgb(51, 51, 51); font-family: \'Open Sans\',arial,sans-serif; font-style: normal; font-variant: normal; font-weight: normal; letter-spacing: normal; line-height: normal; text-align: start; text-indent: 0px; text-transform: none; white-space: normal; word-spacing: 0px; background-color: rgb(255, 255, 255); display: inline ! important; float: none;\">&nbsp;&nbsp; </span></span><img class=\"richtextbox\" column=\"8a10d459456b091601456e99844e00e7\" id=\"c1lvy1397717903573_cke\" name=\"cke\" src=\"/scripts/ckeditor/plugins/richtextbox/images/cke_richtextbox.png\" style=\"top: 284px; left: 14px; position: absolute;\" table=\"8a10d459456b091601456e99842700e2\" height=\"250\" width=\"755\"><input column=\"8a10d459456b091601456e99844d00e3\" datadictionary=\"\" datadictionarylabel=\"\" id=\"c1lvy1397717903573_sms\" isrequired=\"\" name=\"sms\" optiontype=\"static\" style=\"top: 187px; left: 321px; position: absolute;\" table=\"8a10d459456b091601456e99842700e2\" value=\"sms\" type=\"checkbox\"><input column=\"8a10d459456b091601456e99844f00eb\" datadictionary=\"\" datadictionarylabel=\"\" id=\"c1lvy1397717903573_insideapp\" isrequired=\"\" name=\"insideapp\" optiontype=\"static\" style=\"top: 187px; left: 166px; position: absolute;\" table=\"8a10d459456b091601456e99842700e2\" value=\"insideapp\" type=\"checkbox\"><input column=\"8a10d459456b091601456e99845000ed\" datadictionary=\"\" datadictionarylabel=\"\" id=\"c1lvy1397717903573_allow\" isrequired=\"\" name=\"allow\" optiontype=\"static\" style=\"top: 133px; left: 166px; position: absolute;\" table=\"8a10d459456b091601456e99842700e2\" value=\"comments\" type=\"checkbox\"><select class=\"data_dictionary\" column=\"8a10d459456b091601456e99844e00e5\" datadictionary=\"ff808181458e254f01458e2d6dcf0005\" datadictionarylabel=\"News\" id=\"c1lvy1397717903573_classification\" name=\"classification\" optiontype=\"dynamic\" size=\"1\" style=\"top: 74px; left: 165px; position: absolute;\" table=\"8a10d459456b091601456e99842700e2\"></select><input class=\"mandatory\" column=\"8a10d459456b091601456e99845000f1\" id=\"c1lvy1397717903573_title\" name=\"title\" style=\"top: 19px; left: 163px; position: absolute;\" table=\"8a10d459456b091601456e99842700e2\" type=\"text\"></p> <script>setDefaultValue(\'News\');</script></div> </form>  <p>&nbsp;</p> ',NULL,'true',0,0,'','\0',193,'NEWS','\0',4,'<?xml version=\'1.0\' encoding=\'utf-8\'?><form initiator = \'News\' id=\'News\' name=\'News\' action=\'#\' label=\'News\' tableName=\'NEWS\' tableId=\'8a10d459410ca9f401410d80592a0008\'  method=\'post\'><extensionElements><formProperty type= \'text\' id=\'News_title\' name=\'title\' isSubForm=\'false\'  fieldClass=\'mandatory\'  table=\'8a10d459410ca9f401410d80592a0008\' column=\'8a10d459410ca9f401410d805a20000e\' optionType=\'null\'></formProperty><formProperty type= \'checkbox\' id=\'News_comment_3\' name=\'comment\' isSubForm=\'false\'  table=\'8a10d459410ca9f401410d80592a0008\' optionType=\'static\' dataDictionary=\'\'  value=\'yes\'  column=\'8a10d459410ca9f401410d805a21000f\'></formProperty><formProperty type= \'checkbox\' id=\'News_useinsitemessage_4\' name=\'useinsitemessage\' isSubForm=\'false\'  table=\'8a10d459410ca9f401410d80592a0008\' optionType=\'static\' dataDictionary=\'\'  value=\'true\'  column=\'8a10d459410ca9f401410d805a20000a\'></formProperty><formProperty type= \'checkbox\' id=\'News_usemobilemessage_5\' name=\'usemobilemessage\' isSubForm=\'false\'  table=\'8a10d459410ca9f401410d80592a0008\' optionType=\'static\' dataDictionary=\'\'  value=\'true\'  column=\'8a10d459410ca9f401410d805a210012\'></formProperty><formProperty type= \'select\' id=\'News_classification\' name=\'classification\' isSubForm=\'false\'  table=\'8a10d459410ca9f401410d80592a0008\' column=\'8a10d459410ca9f401410d805a20000d\' optionType=\'dynamic\' fieldClass=\'data_dictionary mandatory\'  dataDictionary=\'8a10d45944f9fc520144fdcc187a01e7\'></formProperty><formProperty  type= \'img\' id=\'News_cke\' name=\'cke\'  class= \'richtextbox\' isSubForm=\'false\' table=\'8a10d459410ca9f401410d80592a0008\' column=\'8a10d459410ca9f401410d805a210014\'></formProperty></extensionElements></form>','8a10d459410ca9f401410d80592a0008');

INSERT  INTO `ETEC_MODULE_FORMS`(`from_id`,`module_id`) VALUES ('8a10d459444964e201444a2dc4e50055','8a10d4594430be1a014430deb51b000e'),('8a10d459456b091601456eb7fb1c00fb','8a10d4594430be1a014430deb51b000e');



